m	base2_RES64	seconds
17	0000099A09F6CDBB	0.512475
18	00000BD20FAFEF14	0.301128
47	10AC1C4FA5520BE3	0.294771
62	FE9BB4444857DB67	0.255738
86	ED475B253FF8603B	0.293480
143	0C0506FBACB67C8B	0.422191
162	45EDC6676084FE2F	0.305372
246	D0D2E3F30839CBA7	0.352054
251	257E29C8E8FD32DE	0.468067
257	DBEAA67533AFB91C	0.245273
282	E8031A68357C187B	0.244319
306	D35DD7E1DAE806F8	0.245421
383	22D5D2144E9A51D2	0.363846
395	48FE62345643BFE2	0.279119
410	DEB21FF021769B63	0.419586
413	7A5C791F162E39F9	0.247572
446	FC1F13D8ADAA3F62	0.604320
470	70BA197F71B5B23A	0.291000
503	09C41004CBF2F1BA	0.403098
527	EB57814E84D67521	0.408898
551	B37A42434BF3FB5D	0.276234
563	79F60D7D6A36CD04	0.612645
587	760A8021179629BF	0.701908
593	B41D22B3CD28C085	0.277705
602	B8D1044904C60B8B	0.522675
606	B6EAEC13CB710B0F	0.492489
635	5757DB00BE1E3446	0.624450
642	F0997E448615223D	0.276517
650	CF1DD10E7B1DC185	0.203371
678	304FA54995DB3A5E	0.149872
746	661BEEC3EC94FB2B	0.210033
786	ABC3B8BF596AD514	0.178328
797	DF2ECC58F0621F1F	0.289589
803	A90D2FF2F9F1D55F	0.306201
806	B8420AD5DBFD6FEB	0.502863
815	A75B5B2E70323807	0.470460
845	3C8570B8A3989C3F	0.456476
846	50424220352C06C3	0.520315
887	CEDB48CF1B2A39FA	0.333849
911	004A7403A15F5D62	0.202870
918	A78194BD59ABD8F3	0.569971
947	C6368F98A8182643	0.291281
965	F320951B044C8CB8	0.274825
983	8DA5C4E30D7F6B48	0.272087
1046	2C24FF84CE4BAF76	0.392722
1055	DE4920BBE41A5997	0.246558
1062	09C87153D03399B7	0.331253
1073	032E2BCE43C7FA8F	0.402477
1082	E9C04BDC7083740C	0.283825
1085	5E3C2908ED18EB8A	0.354083
1115	09D371EBE345B5C3	0.195152
1133	531E939C1752F6B0	0.278514
1151	46B8019334CD7FE9	0.434418
1157	AED35D621754495C	0.374799
1182	3A5637950560F670	0.348067
1253	6A028AADE3EC56ED	0.549759
1262	48225787216077D5	0.346758
1265	9C0AF0D70C41AD5D	0.308824
1277	581372897D229840	0.420066
1301	054393F1B50ED334	0.238780
1361	DCD7B729453FEE03	0.592433
1362	FE11B7FDC88D019E	0.654215
1391	71C3F636CAF7F07B	0.347655
1398	680D27A41A84CD14	0.688252
1422	CCFD4F46BB6D8A1B	0.369146
1457	DE3B663CFA67B0E3	0.344956
1493	A8021CBD9AF1FC03	0.205379
1517	4CB458FA4C4A7474	0.246638
1530	A8FDD752E3807696	0.811446
1550	145FD52F0D6193B6	0.611159
1602	7E0D61F01CF49760	0.307740
1661	9C7E674199DED901	0.378669
1685	41970C737B5067D3	0.842047
1686	97F5BC673E935EA9	0.767735
1710	583C8E432913246C	0.275768
1787	A44C8C405FF26559	0.338214
1793	785FB4259C7DA787	0.238903
1802	E283E891D3CF1E6E	0.269498
1805	98A4A4865E24126B	0.220500
1823	56D261A92EAB8AD8	0.409533
1847	ED1BCE0AB2359CC0	0.684184
1902	E2EA4E45B114EF67	0.324059
1910	89C2F52A1C87EB8B	0.330210
1946	BED2E328EA30EEED	0.269065
2010	2C696EACF632CC6C	0.189315
2015	5BC4065598116DCE	0.259311
2033	67D6F40BA2E369F4	0.341677
2045	D177624D6914E09A	0.329164
2046	5447C9137DE67D71	0.404246
2087	AAC934EC5497DC74	0.230294
2177	A45E8A748F424C53	0.487460
2213	6D123E638CF3CFD1	0.403714
2267	B2779F2E6A82BBA6	0.240586
2315	413563D795D0E134	0.451148
2330	600AC75F951FCC97	0.416359
2358	20B4A165B210CBA1	0.393041
2366	4624BD4A3396588B	0.585063
2370	4C376E607443AB93	0.328542
2406	7226B72ED5E776FD	0.340942
2423	A5D02886CA54ED99	0.531590
2430	C9DBB72461996213	0.343311
2465	A027857256750AC7	0.585528
2477	0F17A77ABAC056D0	0.449372
2495	2EE4E2E123EDEFE5	0.550677
2502	E8D1F1C9188B35E0	0.258134
2561	5C779AB9D07BBF97	0.257262
2567	3828DEF290B3013A	0.256626
2570	0B441456C247ABB5	0.406276
2582	1AF7349E4A88557C	0.256348
2586	43CAFE9356A323C3	0.539532
2610	DDD8CEB16837C912	0.611352
2627	0CCF1FACC86C2910	0.259770
2630	6867CE24C14DF4C1	0.397711
2658	746CFDBB07179C29	0.548703
2705	E218BB56D6942831	0.602319
2750	581AF0814A975387	0.679108
2765	E0B18F94C5C9F5E7	0.388081
2801	608B54EEBEF21AAF	0.395765
2802	DBFA01FD3A1684DE	0.406851
2813	A5A0AA53E96866E9	0.574623
2826	4AC21CC529F00AE0	0.248493
2837	B440CC7F3C9D1A25	0.827287
2838	2D6D49906E3CB0A9	0.601144
2846	83574A4221DF40FA	0.324250
2861	68D703488EC6533D	0.290582
2897	E85741BD103EC6A0	0.315256
2927	205ED49E4DBA78AE	0.246826
2966	8624EEACBAAC2733	0.583432
2990	8EAB631A7941AEFC	0.249536
3002	CF04C6DEF91DCF2C	0.355557
3005	3A8A33362F7140AC	0.133489
3006	61F2A64B3903898A	0.342809
3047	BE203D9B0B9FE6BB	0.273104
3053	E7EBD9230C45ABE4	0.415538
3078	60548AE854EE42B1	0.341928
3090	8410834DD200C831	0.469863
3110	504C4A95B1896162	0.628330
3137	7544B9D159EE8EB0	0.488771
3162	3870165435B30B1C	0.326363
3182	ED7463A617FF89EF	0.612590
3186	A91559EBD654E0B6	0.284208
3191	FF5DDF2B2C3978F5	0.242152
3233	E7CE63D3665DA260	0.473365
3242	727F13CC6794336A	0.303841
3251	95D530BFFE4A8F50	1.028960
3270	1C1696B1337B69EA	0.428750
3330	47460666ED93CA64	0.919230
3350	CE3C4D475747B6FC	0.268904
3437	43663082D3E81C04	0.401781
3446	21887D879849C882	0.410164
3461	271977F5DD2C400F	0.321665
3470	E9A6737CFBF6E130	0.450602
3473	E68BEFD393E972DF	0.371108
3485	58BE6B5AD0A6D218	0.340018
3530	D60DA24A4F742D80	0.228651
3533	D3A2A1D29097CA21	0.707852
3551	52FA97DDFBEB28B6	0.313564
3558	A9E60D3F618AB299	0.294634
3582	BD2847308053E3CC	0.201134
3630	36B6ECA62CC290CA	0.204915
3701	B41ABA167320F394	0.368924
3702	9DB60B2FE23DA07B	0.508247
3755	633E21446A670A81	0.273344
3767	8C36A9939C142FE7	0.250768
3806	51CA1756972ED70E	0.269332
3810	A1DEC1597FED9B02	1.084585
3845	BDBBD33CBB218ACC	0.396101
3857	E50F790B2AB58646	1.020894
3882	E2206B156C3E5F9D	0.567156
3887	41B24C240215BFE0	0.339436
3942	3CA8A0A7565C373B	0.513324
3953	57F5DE68BCD21B02	0.125095
3971	B96F89C66086B1C5	0.359364
3995	59919F340991D3AE	0.279295
4007	FD5B4A992B639B7F	0.500694
4010	4BC1633A879E646F	0.277991
4070	D14145DB47B6A182	0.243627
4098	42D94601671B683A	0.299079
4190	D6BC94A4D1790EA8	0.371443
4193	6D71C351AF3C44BB	0.248449
4223	42EAF64F06AA894C	0.576739
4247	09E1AF2B7A5DB6BE	0.401817
4250	F2BF40E55CCB3546	0.302852
4271	4ACA280D078BA321	0.435144
4302	B60B467B60FFC33C	0.329384
4338	FA3E8635583C0E82	0.331277
4350	9102D2E1DBDB259F	0.397547
4382	DD8C036B7009824B	0.183966
4406	3A807586AF78A990	0.245314
4415	E21078905A30B987	0.480428
4422	4357A0331C159804	0.257879
4427	A8387D3B868DC1B1	0.443757
4430	D0B9D5570F44D628	0.585344
4482	D49910B57AE7CB22	0.668550
4517	64245F8209C93086	0.410147
4518	F8968515F653EED5	0.562539
4535	7C880A63E011D3AD	0.321016
4550	D74C70B0B1F61866	0.217785
4565	FFAB95BDB89D5919	0.442958
4577	3937A90AAD0E2D3D	0.167423
4586	7CD9CEFE9D27C45E	0.205534
4595	E1C53FA280E013F4	0.405432
4607	0BCB2DBAA96CEDB5	0.481042
4637	A3AA59FA6E3413AA	0.170935
4667	47577B33CC9AD4DC	0.254141
4682	D17AFEDCEF4F5CDC	0.434388
4685	B94785FCE0E590B5	0.703373
4770	5BCAF3D3F8AF0C8B	0.987120
4790	7AC21044ABCE4C7F	0.501008
4806	E811D5F59369F963	0.360768
4826	3EB786B8B103FBA0	0.483183
4853	46E406978CC9FB50	0.296841
4865	470EAB2522C69662	0.197258
4890	DFDCA6AA3D976585	0.493978
4913	17E191E024169116	0.576022
4926	8BE673D09F143E68	0.326755
4961	6A057842B0B78D7D	0.331430
5030	186ED0FED5EB0563	0.317255
5045	A35C61DB619D186E	0.425596
5066	ED187DD0BBA16721	0.174061
5126	D1540EA5B6CA0642	0.427525
5141	87EAD5FE9FBB803C	0.340316
5142	E7FCCB0B4047B377	0.582339
5213	3EAED3D7F2D05D7C	0.471748
5237	EA3238A41DA9BB9D	0.309469
5255	F90C54E7C7E547D3	0.487345
5267	95BCC4F728AB3405	0.231218
5286	BC0862B3D37E16A8	0.227039
5291	D18FB0B7F2F4591F	0.486387
5297	BCE153C8B34BFF2D	0.323802
5342	01825A18923E8824	0.284702
5358	E9C67E8D1AAD7744	0.617202
5366	8FAF94E3A994A950	1.150600
5441	F80B9B7464373441	0.632458
5466	6B64E278FE60D2C8	0.573793
5486	26C17EAD1A9E8327	0.633394
5490	BD1D3E43AAFFECEA	0.275806
5507	2BFFE533CF2F29D9	0.491486
5537	C6491B2B4B7826AA	0.515235
5573	9C33873D9E6C3380	0.337207
5582	52CDB040C29BAD08	0.527658
5603	F41AEBF2B6B783E3	1.220875
5621	2173CF3C1560F13A	0.502760
5630	B6548507D48A8CFD	0.634176
5645	1AE07C73DFD1CC35	0.365145
5682	9D5910E266EC2FBF	0.258984
5687	4CF2FCFF4343E21D	0.755536
5690	794EA8AE06CC97FC	0.309062
5693	0349AFF607944760	0.399571
5726	8D3422A35598F3EB	0.419561
5742	2441696CE9FF0408	0.412335
5862	BA4870DEAB474D55	0.374960
5870	4B3119ADE67E047A	0.434405
5921	3F325CDEA6F644F0	0.531621
5927	F2BD6DDAF5869238	0.569258
5930	DC7EBB400FB465B5	0.365513
5958	21419955CB73894E	0.321243
5963	6D4F89814697F524	0.829767
5966	8C005D8F9C226BEA	0.190871
5987	2AB89B56E849B5A7	0.517607
6047	8434CD328B5392FE	0.481270
6065	1C74E2BC955EFE8F	0.487546
6086	0C6AB68BD2206E8D	0.499514
6095	E2F76B67622C698F	0.469126
6110	A2063BF2CFC4EFB8	0.900353
6113	78CBDC0994CBD4B7	0.444024
6155	0F3B2892FCE67F6C	0.468629
6170	39747E361F44031B	0.462267
6215	4BD3766882F3063E	0.764595
6221	866F9873CDF6CDA1	0.675502
6222	45D3422D7535F721	0.526778
6230	17D574C64B34C1D2	0.733138
6245	B6C81B3DC6BE1FF6	0.367021
6317	D70F0C1274EA8B66	0.690216
6326	B34CD8A00BE34AA4	0.726818
6330	FAC80196AD92EF62	0.328275
6366	57C99E3E82CE4609	0.269170
6407	26988D2B5D040652	0.671818
6410	4130581D25AD386E	0.637672
6497	B8329BC69106BFB0	0.532907
6533	2B608BEB087EE9B6	0.697909
6546	A0E4539346088903	0.380829
6582	5C4085C121D03D83	0.614869
6623	C6AB2775F983AE0A	0.412606
6635	013D929BD9D3790D	0.434985
6653	D5385209D64100E5	0.708228
6677	B7D765A203644680	0.763279
6710	4D6C99B639583039	0.647102
6746	FC651508565281FF	0.340204
6782	852029B6F3A4D6F1	0.584223
6798	CC17F846F2B63D67	0.656309
6821	82E6D0344556D21A	0.443161
6863	F54D88332F839F70	0.328983
6887	28D762125B0B8610	0.365490
6911	BDB30084D0B29F7F	0.421826
6977	E451440261E29EAF	0.540726
6986	984D5682965BF067	0.490578
7038	FF087BE14FB3EDFB	0.400985
7082	436528EB22A0F8AC	0.590830
7085	78333419862316E2	0.507674
7115	B4E83E905940BC73	0.435561
7146	26C5A9030872AC1E	0.560669
7157	C50AD8B7DE5A8E26	0.615068
7166	E20C32997AB862DD	0.265311
7205	34A8814404ADEE97	0.751897
7223	5B839933E7DFC7C4	0.403641
7286	54877DB8C4F515BB	0.654072
7301	05012BDE1DE1032A	0.344501
7310	4DA3A5B9188CA0EF	0.468533
7326	6F5DB305F8E7EBF4	0.463880
7397	4CB698C463A044CF	0.332170
7451	C3DA7311DEFC5211	0.596993
7466	CCCB0A1E0DBA0040	0.683958
7470	7B659655DDC06011	0.455729
7493	3AD701904DBB6DB8	0.602549
7505	A86ED872EC58A0EF	0.482002
7535	E74C9B4E2A960F1C	0.545517
7542	38666473B02B6D15	0.439688
7550	99E1DEF85FAB0265	1.142066
7553	83D2D726043C24E8	0.709151
7565	9C9ABE38B4C19D60	0.397850
7578	F31465D7973070A4	0.473625
7667	AE25369B451DE9E1	0.428941
7670	9E462F9B8DCB6DA0	0.905343
7698	0C43C8666AFBA303	0.425288
7703	F73508A8BF56AA78	0.580314
7727	4E05F774707087BE	0.263693
7802	C6CB32E69E212307	0.712263
7866	42B208787DAC0194	0.335314
7877	D8BA643DCC7B2D39	0.763430
7886	5FEC0F41BE28A1EF	0.678085
7943	C937C612B9CF0036	0.358573
7946	EF959A6AA8AF339C	0.724366
7982	578EFDC56B25CDB6	0.266543
8003	784ADCDC4E4F48D0	0.524428
8090	FBC21E6DC72F6940	0.305524
8102	4768142412FBD664	0.656293
8118	D68634FD1B8BCFAE	0.679874
8126	CDF90550DB617E8F	0.285575
8202	0D906E1E4F5D5138	0.709620
8246	9AA7C52E2E6DF04F	0.453063
8255	19FDF7FEEF7B5F13	0.615502
8270	1A397769C574A5B9	0.667679
8291	F2891ED51BAECB42	0.388443
8298	ED3F6468C20D1FD4	0.863665
8303	1330150AA86DDF24	0.456534
8321	CC19AED5F995B252	0.689817
8342	F386795F215BE7B6	0.440408
8357	EAB0B2B19422DAFE	0.768589
8405	1C46497A76382333	0.373527
8447	E379CA56C49179D9	0.384168
8462	F5F72A5C8235DD29	0.475497
8465	2B440E8DFF01093C	0.541234
8490	28D9D51B1E0FC03A	0.968595
8550	BF943CEF8CFCA0C0	0.333504
8562	02722B25A5074D13	0.692871
8567	76F18F4E59F2C42B	0.578893
8570	68091AA1413AC339	0.658156
8573	DC6B734155875043	0.895385
8586	C7239FCAFD41540F	0.713046
8606	1907A3DF88CF3381	0.634226
8666	7DCD5D5D5E828D70	0.459444
8693	521915CAA8117309	0.481693
8726	2CA171AEE77F2A3D	0.362834
8766	BC2176997F3CF9A7	0.781696
8807	AEAD38FA2F2172B7	0.635851
8813	692F8904686ED9DB	0.432249
8843	FA4CF83E7D41A535	0.765082
8850	06615E8CB07926EE	0.399281
8867	66831882A790F0AF	0.766009
8906	49DF774AFDBDD4C6	0.398562
8910	47A0E82907CC65C5	0.838247
8922	882E3E047940B6C7	0.626436
8951	84A5EEB91EA73881	0.404499
8958	A76313649FECA4D7	0.749305
8982	E5A9670B88AE3E8D	0.580869
8990	F8B1311926FAB05F	0.788773
8993	B2CF73E80F6AD65F	0.426245
9053	6F2B5F47AE870493	0.695907
9062	23B23870F3EE2505	0.624718
9077	77C0024FFF7C7DBA	0.721654
9090	D8D2A8380250F8D9	0.559683
9101	98799BCE1E3D7A01	0.432434
9138	3A9C0E5CACA7D108	0.622798
9162	EC8A37761690F589	0.874244
9210	D043659AA401D801	0.932509
9215	FF498BB1565E1B3D	0.364441
9246	237A0E7598F34F3C	0.458657
9263	E9D0EA6D479E539B	0.853553
9287	145195680F30D7B0	0.776351
9318	7EF9390408961180	0.407795
9323	B4BD87158BAF857C	0.678734
9326	B4CF16F110F4D505	0.864492
9383	7F5FA155EA9E15A5	0.476940
9467	3DF25DB782450DDD	0.617556
9486	F71F8DD2BA6E664B	0.617553
9498	CCCEF48CE21D957A	0.747154
9515	7CDADC97CC6363F2	0.794039
9551	C67C9F5551429406	0.552626
9590	0EED7D9C08E73CCD	0.561401
9606	BC5ADC47CE6B6AB4	0.435667
9630	8758AFF45173BA43	0.722730
9767	A94E0920634253D5	0.880089
9803	D2D19AE164B8C168	0.574899
9810	9E894163A45FC87D	1.031167
9821	09CE7F4C64AC285C	1.014069
9866	BE3281CB156CF5C4	0.715750
9882	07BCAC27F128DEBC	0.630808
9953	549084084ED4123B	0.857643
9966	F94B6112597912EC	0.476420
10002	87B3792B380DAC2C	1.209405
10026	CCC9B7285A7EF93A	0.551864
10046	799ABEA3953AAD0A	0.960961
10070	16F3EC4D473432BC	0.782092
10085	1183761DAD2C90BF	0.616799
10097	CC5B1A871035AAE5	0.689688
10127	A6A491B7024076C7	0.783489
10146	50054F6954B1F1C4	0.679751
10202	02C4BE2EF094AE46	0.681067
10205	CE62A9E4FD52D3FF	0.924762
10250	47426EC1EFFB9972	0.679893
10278	F18DA0ECDACFA2CF	0.904632
10286	3929C8BA6E34112B	0.537507
10326	82DE113B11753685	0.819888
10350	8BD5AEF130C41C36	0.798414
10373	C9389F290DF04BBD	1.016848
10391	40CB18A9F6C2B53D	0.578059
10397	AC5A3D0CCA302E88	0.777410
10442	B1C3BC400FACAEED	0.949502
10517	687C8E7521447726	0.489209
10526	8FFE6373975BDA87	1.726330
10550	0E21967DECBD8EA5	0.870816
10565	601AAD94AD8296DC	0.523184
10566	56A1BE3C75091047	1.012137
10602	26EB0A9A7E20B043	0.489400
10613	CA11415780D614E7	0.717717
10646	C2E746BE2EFFFB3B	0.543479
10685	BD2A1E73D4F74810	0.713347
10722	678CE13B7B383122	0.889232
10742	72CE406D8419A275	0.654523
10746	339ACF817EAE4DE4	0.597855
10818	4253F980AE2FEB05	1.104375
10830	AF77C61585F71CD9	0.250829
10862	1D68677399ECAC0E	0.464008
10865	AF840ADD518FF8B2	0.753691
10886	029D01A23F23B6CE	1.003526
10913	31DE3C991DBC1D28	1.728086
10982	714A8606F8C18218	0.669891
11027	DC54EFCC5A0DEBB0	0.555671
11030	260A4613AAFD9BD1	1.183319
11045	FC62C895B1971B9B	0.651274
11063	44043C73A9CE0FC5	0.619304
11102	5D1258F012D2E124	0.626761
11117	EFF4B0A573C459DC	1.227858
11118	C84334DD38B0C93E	0.472903
11153	E06042901B55EAD5	0.906715
11195	DA17F49DCCD63678	1.142214
11201	B620279D7B2527F4	0.606894
11210	999009F487055AC6	0.471121
11213	F9732EA71B1A4027	1.172239
11250	600F525EDFB2D67A	0.999030
11255	B4745CD5D73C1067	0.850562
11262	6C40E3CE23ED0749	0.885933
11270	B6146D67887E5DED	0.976229
11297	884B28427B60733C	0.795515
11322	9F19A493C695C568	0.767603
11327	FA9C099AA74F99F8	1.100609
11357	CBC3F1EFA5D057AE	0.768656
11370	A4D92AC3C93CA12C	0.730365
11402	341AE876C3BB84DA	1.159840
11406	9584E92AEAF78BE3	0.775129
11430	CBF8E07B2D542317	0.817136
11462	16D02BB3879B235F	0.615330
11471	066D7097947847D5	0.950838
11537	9F80583014652A44	0.826346
11538	274C65986B435EF8	1.004304
11546	B5C3DE8C3CE93EF7	0.876476
11555	24E5B4076772C24C	0.727221
11582	A81F51C206874585	1.107588
11597	2F6DD0D300B6F27A	0.750143
11606	D9881D6FA260A113	0.822086
11610	72AEEA8FC30E6E80	0.723594
11690	E6AA75CDF8ED499D	0.393726
11730	3A083ABEE00B49BE	0.660779
11766	11B52BBF177ED874	0.816371
11783	FEEC42F6F8590800	0.626885
11790	CD33827DCB8BF92D	0.973533
11837	F0312901842B750F	0.561387
11862	CC45B57926561D3F	0.541413
11867	FEF3B35F6E518DA1	0.966247
11873	4A5E53E59E4A7497	0.743547
11898	160BA589CCAD753E	0.937953
11966	A8739C2E2AA3002C	0.950907
11990	81060E3DAAEDA44B	1.085400
12006	27115387BF220CF4	0.926630
12035	E015C8350F930568	1.152360
12042	828C77F4631B0F78	0.457994
12086	6220B7885491DF45	0.829006
12110	CBE107A95C627659	1.619046
12155	3239CD8F24CDFD57	0.930400
12161	DDB08D2C71C5A480	0.736614
12182	C934CD9A85CEE9EB	0.992445
12198	CE886B205D0A38F2	0.995569
12203	C43FE7C9B47F732B	0.923530
12230	2F5074B59B01AB94	0.830054
12245	1A786CDC4DFA60C8	1.210686
12287	21244322952B0AF5	0.989327
12293	0752729E63089C54	0.894656
12323	80F8495B29A4A105	0.788565
12365	1227512CCD6B49B7	0.770663
12371	0BEC7506F2421091	2.065874
12407	42779B206AF490A8	0.773569
12461	3B99260F3511C38E	0.687597
12470	9D558BE0A3EBFB2B	0.757965
12486	218AD76A27468913	0.788483
12566	10CEDA0FE6F99294	0.866368
12602	936CA941B4DC4DE6	1.089852
12605	B9ED57F483686288	1.031592
12618	29F8D13F72423E26	0.795810
12641	D4A2A35C5FEF75B2	0.768721
12677	3A3B556B2C7D770E	0.822407
12701	41F93FDA16619247	0.692081
12746	1A8EC350DD0DE6B8	1.223841
12773	9F8D22CBC0BC3139	1.196910
12782	947F4853C6BA2983	0.460183
12815	FDC991EC04EBC10B	0.864641
12917	5D29349229DC655A	1.197854
12926	A152102890E3C730	1.010354
12935	D346BFA459C59E3C	0.945527
12942	7D8349CF173D1C49	0.746137
12983	8D21B3CCD97F32F8	0.835881
12990	28E48EDBE1658A71	1.027285
13046	6A54CE8BF58A8707	0.798939
13082	F73AA3B11CA963F0	0.842420
13122	5746969EEC513F88	1.468110
13127	C66C3E3586957D9D	0.769132
13133	BF282EF5AD1FA6F5	0.654861
13142	74F66700E3E41D1D	0.895084
13235	314FADA476BD49EC	0.692594
13242	8EF1201B0701188E	1.234967
13286	B4E2CA0DF474BBF6	0.932020
13301	DB7F06C98DAE8EAE	0.864170
13302	4925706924697100	0.930183
13370	B1312D58244DA807	1.081026
13373	2F2A9E66E0863826	1.172644
13406	DE6AECF5DE146783	0.792536
13421	8D9B513BFE4A4292	1.168649
13446	BBC80470571B736C	0.641207
13463	605C95F2414ED00E	0.759738
13502	AA78E52845F2D5C1	0.846451
13517	78D9930736951ACD	0.956327
13547	E5AC5DA1CCCB9A0E	1.330500
13553	8E96C29A3A8BC3CA	0.979577
13601	9CCFC92DD04479F8	0.576650
13610	E1F144753178F955	1.218333
13637	36208E730F3FF1D9	0.765546
13655	DC013D472406347B	0.964975
13667	7403896F9D1FAFF4	0.779442
13685	C4229DC88FC297B5	1.046497
13691	8B9BB5B250D96223	0.829092
13746	83821CC896320BB0	0.852770
13766	325AF26FC82351C5	0.888742
13805	D0460CC4FFBB6D88	0.973033
13823	BEF888885C8DEC29	1.004289
13835	720AC49A39BD2AF4	0.745158
13877	7CC212D33C38B528	1.084035
13901	F897E52959FA82E6	0.882878
13907	AB9E465CABFDFB84	0.792577
13926	DC6DA05AB8579C5F	0.630324
13967	A763B20FA23BFECB	1.070808
14022	B5837F599182B558	0.886876
14045	9C15A8B80DF3B036	1.205446
14087	6E673FFEFA614450	1.128835
14106	4F2AD46D980C358A	0.933901
14111	DCBF974C96A7C0AD	1.173800
14130	1AADA8C0BC132F02	0.717344
14150	D7B8DC9F7B76EA50	0.785169
14178	6651DB0615C2C44F	0.910388
14183	FDC4075715A98BB6	1.231797
14202	DB899A37C5604310	0.796074
14243	D8BC2D0A9C618891	1.049229
14250	8F61DE2A53181E26	1.032788
14255	4B0471AABC8D0066	0.638981
14261	3B37B6B0D754EA38	1.072862
14327	01F820EA19E30809	0.997732
14330	792CD7A99417B5F1	1.347024
14351	2CD70364D60D3CF4	0.749938
14358	0988F053B8C4F76C	0.836607
14418	22DF7BC09885B509	0.841083
14462	75E0363608829F99	0.905939
14465	8C82FE962D79BFC8	0.911458
14466	D99D0B9C4305F05B	0.654138
14477	0733EB096F55E89D	0.639056
14513	6F64BC850A8150EA	0.841227
14526	D42E002EB84B8ECF	0.908520
14570	D5593A874D089B15	0.940311
14591	CDA4F28B64F163B9	1.048369
14597	384E22A6ACF973A4	0.861129
14645	3495B10CBD22F97F	1.033065
14657	3C3B58C2CFE29994	1.027238
14663	1EB9DAE12F01E6A3	0.818679
14666	C2E9E7AE7F357262	1.013466
14670	538A7163A862B732	1.314736
14687	63A6352759F1C4D9	1.048697
14702	C5EB32ECC68B8864	0.733350
14726	BE7393F7631DADF5	1.027394
14750	0558E4142480853A	0.771451
14765	B5B61CBA6C4D66F7	1.324279
14783	C395A5F1360B1D94	1.351431
14807	2DC3C46A96BE9864	1.714821
14810	3A43D8F14CCB7A3C	1.014642
14813	83C63B80C9659725	0.867738
14843	F43A50B9D9929D2F	0.889386
14885	4F2FC859DD3FAEB8	0.606079
14886	0A26297A08F08AFB	0.742024
14915	1AB1AFFEB920A350	0.822085
14942	A8C5BA87D30138FE	0.952005
14945	E409F2B1AFEF7179	0.651049
14966	87398E068BEEF957	1.433670
14990	41152807D36726BE	1.421732
15023	73030403BB1F0B66	0.885544
15035	BA967A477A0F3102	1.157701
15083	9FE3C49990A087B2	0.811915
15086	C08138D5F3BCF342	0.869142
15110	12BE48269FCEEDCE	0.753218
15143	2600909BF5D22F67	1.476184
15146	CB7E9F78E3A2EB2F	0.871428
15167	F357552F9DD4A4B9	0.754652
15185	6E815B1D3FFC0E1F	0.940945
15197	CED99BFE4698E5ED	1.426526
15222	4AEE862E37E9F38B	0.718084
15230	BF7DFE857C425C76	1.372146
15242	E0CF18052A3FEE6A	0.811738
15287	9B844DE2DB6DE857	0.841447
15318	A5BB1A13D9719ECF	0.918518
15326	1E4F7DCD83DBD216	1.211239
15347	AF9F4A1EC40915F7	0.791754
15350	3731F352BF78D0C6	1.490363
15371	3B83F77190C32A7E	0.840281
15462	A4700FD6742C4EDC	0.952857
15470	4916F24E638B99D9	1.293691
15473	B41961AAD8191D39	0.849345
15503	61718152AFA18167	0.770142
15510	84B276A47B9281B6	0.980468
15530	54983312E9DBBCF4	0.886971
15533	669D3B3524370160	1.364677
15557	E5AF1F7D3440420C	0.870623
15566	54CF14DD8A26B67C	1.348816
15587	AF0F04A329E4CDA2	1.409036
15606	4A445DE22734524A	0.760928
15686	42103BDE5D13F14D	0.779250
15690	723CDEC2D3125B5D	0.901817
15695	5B4B28DA39BEE656	1.014559
15707	24C299CA9EDC88BB	1.144421
15726	5AB2D3F3AF47C083	0.764911
15762	8E1AC03E9200E3B6	1.166837
15786	FC32D85FE16E2BD9	1.395344
15857	D8574D0DF74F3B98	0.897110
15866	6A7683F6B8B3CECB	1.003593
15893	C26D85E89E8CE1D0	1.272770
15923	6289413A9CABAA54	1.214731
15983	C6527BAA9923E7BF	0.695227
16007	9A2976E9EFF158A2	1.106546
16046	48775BCF02D1C27B	1.427830
16050	D679883C84CD2AA5	0.848496
16085	D7FB5006195BD93C	1.407526
16151	F057A40482BABE40	0.685964
16158	117191BAB4A4A8BA	1.213151
16166	E293AFE5B6ABD761	1.228104
16190	B5CC1112517B7690	1.051263
16193	FCB0BFF484127DFB	0.997089
16202	72FF9A6612D8751E	0.781224
16218	B45C6A7DD8E4D9B2	0.913209
16253	B10CEE17BEE0E310	1.113685
16262	49ACA44374F0B6A6	1.320938
16277	F7123D587F8B00BF	0.911929
16362	18E78F04BB7705F0	1.949821
16382	2D92C2DD9E82682B	1.417362
16445	B64AD4D7EA2E9BEF	1.533259
16511	EA1AB7DC7E8F9BF1	0.999384
16526	EFFE3B125C42BF37	0.783936
16535	EE822C9C19ED9E41	1.373565
16541	D7BE4DE6E16D4C1E	0.927908
16550	9D1B0768CC02058A	0.935479
16571	A035CBD7E2895863	1.150452
16626	01DF61156FA0CB45	1.311392
16721	D51DB983D06E5361	1.178971
16730	0C81048B7A806918	1.022024
16733	4C156E1248484410	1.061928
16757	D70B646B427C8985	0.833891
16806	0E730434EB4F3F1C	1.238134
16817	53BE094F56984E33	0.939504
16823	4F76254EC106B047	1.376542
16826	C0B9847EDA47DE05	1.627843
16830	7CBEA5CD747ED6F6	1.040915
16866	A72550F5CA07E27F	1.114883
16886	7397065817705331	1.078356
16910	9EDF2516E7E54953	1.041976
16967	C22995B95C46D995	0.910045
16970	B73B976E4205F136	1.380441
16997	35E3001E400761A2	1.038768
17006	4A514D60EA398059	0.895052
17093	A8B480FF2A03E333	1.092898
17126	24BBD5F48E15512D	1.497869
17153	D69B0D64F9D6D98C	1.046509
17201	C71E0DBDFECA2BD0	0.937874
17202	8AFE0E8367664CB8	0.963385
17270	88388379D596B996	1.228081
17306	35777E579134D7AE	1.162736
17310	9118DA444AF72034	1.170289
17342	CBEB032AA8AB8BAD	1.330991
17351	879F8A4FDCBF9C97	1.169750
17405	108FF5B7967AA417	0.990095
17411	D5D0A809D6F1A41F	0.926326
17442	D706F8BAE77FF4DC	0.993891
17447	0521F4CD6C1CC4C3	1.012212
17450	429FB6F47CE12B76	0.921623
17462	3DB239405BC814A6	1.028834
17471	5B745AA6E18A7FB1	0.979755
17477	B074101177C21AA3	1.100271
17495	2DD1D5F23EF16CCB	1.147146
17510	DA4FF6A475712FB0	0.709769
17546	FFE387466FED498A	0.905459
17562	67C4CADED349376C	0.781429
17582	197D37FBE5A02E8D	1.111556
17585	9CE3BA116979C0E1	1.179965
17606	787762BC175AFA66	0.870432
17615	07886DD16AF4A4E3	1.062834
17622	06752CE4735C7B9D	1.243065
17633	241F68C2B09C03EC	0.803029
17642	AA9B54C4A7FE0B8E	0.788649
17645	9A0D1E3D29B006B7	1.109594
17687	06E2CF313EBD4572	1.106536
17702	D1C3613A923CA05D	1.186606
17723	6E1FEA636F43B301	1.115862
17747	1638DB921F597391	0.948276
17786	E285551A059729D2	1.110322
17802	90D93CF4897F0E00	0.789092
17813	8D4D65DBCEAD50B3	1.109134
17838	F7FD9E6C84172BB5	1.126935
17870	B83AF167E0375E14	0.925596
17882	26FB668348F2A446	1.224169
17957	3E6C18E464FAA89B	0.857771
18030	5E09E723A61E6E86	1.055465
18053	F4F917A843B6E64E	1.019351
18062	51DB199217C35105	1.208135
18066	DB3986E75EFBF2DB	1.065517
18090	C2CBAAC8BEF579F8	0.903448
18161	57F2C4621D38914E	1.280954
18245	0946FBF40A810FFF	0.967389
18251	50C61745B172B879	1.091467
18317	E62F1A5402ADF552	0.944512
18335	71EF61252751B20F	0.992072
18401	18957988F67F2A11	0.944471
18410	467D6AE47A56541F	1.071419
18446	66888C04EBCD02E4	1.053091
18455	AE91666A04A5137B	1.255289
18470	A700BD4F8F0400CD	0.901669
18485	0CB76A28F17BEB8D	1.081694
18506	AE7B9EFCAE174059	1.062928
18545	6086B45745B18B30	0.943461
18551	CFE78D4C97FEFF81	1.050604
18602	50AC688D7B389119	0.890438
18630	6CAC8568DB54A0DB	0.842032
18641	021F209B05A1672D	1.491140
18647	868CFF473E81CCA2	1.159386
18650	470B413897F425F4	0.928020
18662	D9252098A94CB6CF	1.364274
18671	C3CFD841BAA89E7C	0.667325
18707	B3C447B0189B5496	1.339590
18750	FB54A6FC4ACFDA23	1.208862
18782	89A5BAA6C14098D0	1.005440
18786	673913BB198E2A98	1.127620
18815	A8B4F4DAD00C0E42	1.162264
18830	CDE3034586E14127	0.893540
18845	F4217B6C6EE8BE3C	1.204593
18846	289EDD6D1D7E545E	1.314016
18918	39B763A459AA7B1B	1.043640
18923	423281AD316C5DD6	1.308422
19002	B0C9C505F9302074	1.766569
19073	407F91DCFC43072A	1.363671
19085	1BE6C4EF418739CF	1.302724
19130	FCC6ACB91E36A67A	1.178062
19146	E8B5C25AE884086C	1.184632
19182	DAE46E81039A6FF3	1.351100
19190	7762FC3D9C609B1B	0.903070
19206	E241189B03E956E1	0.970029
19211	BBA7342231485009	1.008754
19242	10A6A747A1398A52	0.936914
19265	CC2A16324DB9AAF6	0.838350
19283	CDD1C9535C3342BE	1.128428
19310	1EB3000D0FC29347	1.204394
19361	ADC513653CA7E0D9	1.040912
19370	10D8147FAEF77518	1.186485
19382	AE93BE7E04670F0C	0.803163
19386	FF53CF0A732DF42E	0.928465
19397	0268540CA9612EF1	1.275242
19398	6EB05C6ECECFA88D	1.029206
19427	7C4397C867FB9293	1.271317
19458	69D6CE25EEF5385D	0.967676
19466	472889E84A72CC4D	0.993497
19493	7944496EA916CA03	0.971714
19502	0F163AB9E9CE7496	0.888098
19517	D472C6DDE34921D7	1.221929
19535	A7592EAE3B2D1B12	0.786813
19542	48802047D2ECA996	1.037284
19566	B8FFF83C0DC59D92	1.328106
19638	2C639C9D87F4C73A	1.382377
19655	E030474AFC530BEC	1.354157
19722	4ACE5C2A9F7F7BB6	1.280430
19745	BC3D39BC4C3E53B3	1.313379
19757	EA4CDA2A4942E83F	1.397962
19763	6C96160784E45096	1.466083
19790	B6E821A37CE0B632	1.136067
19818	CDFAD7D1106AF10A	1.432366
19841	50DEA6D5731330F0	1.361602
19853	AF0DFD2AEB695169	1.233715
19883	09F1DF33B326A0FF	1.012672
19910	9ED76861B2793080	1.395969
19946	D8366D0317274853	0.975420
19955	221473BB5C08E3A6	1.258132
19962	8F5CB6A335FF9C77	1.362880
19985	A9A62FDA7E6A961D	1.519901
19991	011E6FD4B7274072	1.287331
19998	FE22CA4A285DE38B	1.430458
20010	7BEF55AFC66ECA18	1.178493
20063	433110811E067BA3	1.296260
20090	9BCAA95727138D1C	1.439272
20123	E9062177BCE202E8	1.198716
20126	6ADEB92414F6DDAA	1.164647
20165	2F4329325669371D	1.678655
20177	16D93CDB8A8C1543	1.555808
20178	6CC30310FB683455	1.399867
20207	70264E64060E947A	0.928213
20250	F6CDB8F3FD26D447	1.180499
20273	AF1ED82AEEEBAE5A	1.500427
20298	8091AD05E366FA00	1.675583
20322	72D1C257F0BE7FED	1.173304
20327	A0DC58F06DC10B6D	1.299637
20366	301A868BE74B2BF1	1.362433
20406	A320D57AF75812CE	1.240219
20435	E510BAB8F87C1268	1.337353
20442	C389C50934778699	1.391754
20471	BA85D515472EE95E	1.426471
20477	EFA1450CF09C54DF	1.143276
20502	8E034ADA543B55C2	1.339092
20543	E94D2037EC2BF49A	1.567514
20606	BF0332E6E96A5560	1.257080
20621	6A106D4559B54289	1.276954
20666	BA0FF7DAE98BB5CD	1.367739
20705	8B2028AB49F47597	1.085067
20747	810D30BF95C20F52	1.407226
20762	DA2E18BEC6EA11D9	1.186836
20807	DB20369BBFAFD29E	1.090374
20813	78E7180CC5D16ECB	1.578861
20846	8DF8ABDCCDFF7850	1.347765
20862	5FF9F1983369459B	1.741401
20870	2DFAF7BBBA9E46BD	1.298086
20891	39422BC0673EF3DC	1.817955
20897	279550D291FA5C8C	1.914251
20910	3D4D9E37D855404F	1.361002
20942	91638E683E000824	1.088655
20963	023A9F22624DA4D5	1.826138
20966	42A8E9D6A5B5BFB6	1.208994
21050	084ED101153606A5	1.427814
21083	8194BE2979D8D7A9	1.643813
21107	47BB0A79CD2B334A	1.181291
21143	EC9568EFC586D5EC	1.542372
21150	DCB1DC27BDCE8742	1.829708
21173	94EA3A501FB9E3BD	1.709864
21182	CC15AFD9E07C16F3	1.624657
21198	9F1DCCA021BB46A5	1.377194
21222	3D9C51B104FC6D4F	1.318895
21233	7D6E81E3562BFCCB	1.449593
21270	339B2D4C4B10A563	1.428828
21335	389A17B83DE70FBA	1.369186
21407	4A9C9504BA3C19A3	1.010471
21443	30CE9E301D75A646	1.424043
21446	131DD8DAFE900FD2	1.415894
21467	7F05CE2525D4FD0F	1.316843
21482	C366B1577D5A3804	1.560845
21521	4B4AB51F1610B88E	1.654866
21522	94F7667E7EBC12A0	1.783373
21527	353AFBB2FCA60521	1.386031
21533	1779F7C93111CF41	1.359587
21558	085ACB6C139101D2	1.579347
21563	932A8C818ECF3CAF	1.147197
21605	3BA3CCCFF503238C	1.892136
21611	723517003AFEEA93	1.519674
21666	9BB85B0F75D69073	1.452126
21695	1DD78959FFE946CD	1.630319
21701	FF84D81FB790A5D4	1.058134
21770	CF7F363EDFF49636	1.526650
21773	2EE9311F87D23CB6	1.150693
21797	43F75D40BFD92D20	1.823477
21803	04D895AFEE90F4B8	1.709991
21810	16CC639D2BBFE688	1.587198
21845	C690141EFB3BF6C4	1.699407
21906	55A734BD80531C62	1.923295
21917	DDBAA25B936AA1EC	1.254622
21926	20585272EEF1EC51	1.564488
21947	870FF13BDEA5CAB8	1.415987
21971	3C6FEFCAFDCBAFA2	1.349334
22010	8333A1D20E45AEFB	1.427587
22026	28FEE346CD95EE40	1.182435
22070	4B72ADDB051F95A6	1.625841
22097	5E2A23AFC624CC45	1.586762
22122	657BAD2C420A7ACD	1.162952
22142	9FE7B35CBE11B49F	1.225008
22170	1E2B8094341C2B8A	1.938339
22206	7B6269633EE445DD	1.575545
22247	7001225C8BA7C13C	1.955360
22277	5F48ABFD0D52D97D	1.692206
22337	4E89E9FF6E2069F8	2.164545
22338	7E50C10B296093FF	1.120385
22343	ADDDF95DD23B7171	1.261269
22346	0A2262FE4F7EC6DA	1.314196
22350	9650AD25AC5B84C7	1.594708
22373	C21F1550167AA014	1.558546
22391	977D79FAA4DCA1DF	1.221185
22406	CF1664786EB963EF	2.221428
22422	9D9C55435B43CF9D	1.523434
22446	0085403C250A06D9	1.173965
22493	CC3F7229F3E8BBAE	1.806798
22502	F6882F5C72092EC4	1.558135
22511	8CA5187932862D54	1.888192
22526	906581A4D6D8DC96	1.717359
22535	670B9C0EFECFB4DD	1.382935
22550	B7E6802241079596	1.859762
22577	EAA2321567F5B82B	1.498672
22586	262698F77841DDE2	1.473289
22590	F7882285053F68CA	1.639543
22613	CF85BC6DB9D104A1	1.318749
22646	7A69BFBEB46240D0	1.782258
22655	4D619154AE03AC1E	1.695296
22685	0A1315352C5AFE3C	1.540044
22721	A6469EBB6FE42B99	1.283238
22746	52420202CB5450A7	1.720774
22751	16EF9D2FDE7DF209	1.350542
22766	1C89C80BC5A9717E	1.407400
22782	ECD8B5F76DE48371	1.212389
22787	753BB49A18B1CF5E	1.422942
22842	FFB27CFFB3B58FA1	1.530291
22913	397D398245B2DE3F	1.310841
22955	5291B028EB15E948	1.667249
23030	DF1E5485DF146EAF	1.734757
23106	A83613761BAFC617	1.508243
23126	BF03C74292F0FB57	1.449573
23130	D213A5BBEB6FF4E0	1.816373
23147	84EF635D749F9572	1.404389
23150	A6C3FBBA81FC0B3F	1.582318
23162	638E4425E1CDA2ED	1.207848
23202	CAE934A0418E2E73	1.731076
23238	018703A9D571C8F8	1.692918
23243	75454BD49427BF83	1.735553
23246	162F629CB2E66885	1.214945
23261	53E43128D88B24F5	1.409675
23270	8E8F31A3FA0F9AF7	1.310753
23342	AF4023A79331EB91	2.203516
23351	1FAB8D313353DD59	2.087193
23390	03FA8FB96EB04ED8	1.723909
23418	1795CD40438AFC7F	2.718258
23430	0F5440574DFC53F7	1.907284
23435	45F70DB29A471ED0	2.639963
23510	44CD954CC59B1D73	1.996553
23543	71AA09CF0198DA0C	1.611928
23567	88FDF8CD1245C250	2.915377
23582	9F2726E37D5C87AA	1.958381
23591	C4320DA66A22B8BB	1.746683
23621	166216870E855677	1.760003
23642	41CAB6161E6E5E5B	1.712416
23702	607C115F3A879849	2.165646
23706	DB608F776C5C9AC7	2.493874
23711	F13BBCFDC7E9BA1E	1.797030
23747	761038C75CAB2DE8	2.199331
23750	091EBC7FE89AB053	1.997295
23778	9B6430D9424F3003	1.700255
23837	EE556A643617F546	2.061776
23846	29F237F7F978DF94	1.631195
23870	1AA28C1EC2211D84	1.483834
23882	193244888AF62077	2.087565
23886	CEC3C681ACF9C5E9	1.700311
23903	F652B0D1489B43F7	1.592386
23933	2FAC9A98EC567B6A	1.882863
23957	39072C4C8A11DA32	1.706240
23958	CCF18312EC27CD65	1.576775
23987	2E4D63916566C408	2.115198
24017	28D0BD6AAF5F1BD9	2.101375
24023	0EBB49634E41E867	1.853151
24042	E4609C5FE0A345AE	1.885001
24071	C11091E4188B2EB3	2.131229
24167	4079DDF758CF215D	1.931863
24170	95E495C82461C494	1.811898
24186	4D32B4379F4AF961	2.204276
24197	FB35678BBB7348E5	2.371027
24222	387E2B6392C4F580	2.160964
24251	4FC6E401FC4A6E9C	1.592812
24257	CE92FD37C7A717C5	1.711033
24317	39697DF7997A8854	1.675488
24341	1ACE6571F57C7651	2.501262
24401	C8E97E83B953AA5B	1.889902
24410	87E8E1B73986DC99	1.821394
24426	1A0DD22EA078C8A4	1.736922
24467	E5FD6FCA4472F41F	2.036595
24470	EAE9508A728E64C0	1.786579
24498	EB63BC63930FAAA7	2.039441
24506	C30BCB8734553CEA	1.752393
24527	09EB51640E3EC441	5.310042
24545	9556CB3888326516	5.844340
24582	09203C48CAA4ACF9	5.252245
24605	5892F893DBC7D415	3.575657
24606	EF158D5BE9E64052	9.672468
24641	4A4D84D5975E2E62	10.073950
24653	1ECECA2CD6D41F32	6.372143
24678	4F43D3315EFBC2A4	6.285506
24701	FC77358646081A34	9.487802
24710	5C042116DF9C501A	10.357644
24785	32B5999F339D5D8E	6.381288
24821	A4E49C229DB4614E	7.832509
24827	EF0C4B79817DE45F	9.585369
24830	670CF50D5807A51B	6.639565
24965	AFB559750B8819F0	10.179719
25013	D1C39BD5CE9AEB29	5.145324
25070	AFCE8D6C888619D2	5.925173
25086	604C59585FD54D37	7.968770
25115	1EAB1775382FEFFB	6.741629
25122	B843E9F6542F80BE	3.096351
25133	17FAF293100167C9	7.726313
25205	5B275D4C85DE4170	6.363170
25217	03C176A915D79FB5	4.934631
25223	29B888664749C685	6.765693
25230	C277B7F0985D8D46	5.950266
25247	624EB120DC1C2EF4	6.937645
25271	593DB1DF6AEB2BC7	6.142435
25277	447CEF86C5BEDADF	4.227081
25310	6B3A849C6957B5F3	7.349086
25313	BA724EFD28D868CA	4.625671
25382	9B37350E938355E1	5.765985
25415	EDCBAF5ECA141EAA	6.146311
25451	9798AD09A6161DD8	5.295221
25466	A8A75E2BE362039D	4.635339
25470	C447B8858E7B9991	5.085534
25502	EEFF20551B184E88	5.966165
25511	C16568241AAC5BBB	6.420598
25526	684F39785E7A5A51	4.193466
25535	6F2FDD6659C9CD5F	7.036446
25583	5A0C284617A0DCB9	6.771061
25590	5CC30CDFD74251A8	5.065042
25650	A7FB47342304DE01	6.963359
25661	3BD2F087F9E903E3	3.902710
25667	9A5C616F6248C1E7	8.202334
25722	779EA4C13B9B547E	2.545905
25745	1C615FBA5AA18447	7.337582
25766	F9E9D5C415638EB7	4.027761
25770	FCFFC37A9423EBE2	3.873900
25793	E1AE9F1394AEAA93	5.248762
25811	A7F4C982D432F261	6.473466
25835	4F2238C41DE0F2C1	5.280207
25862	8E13423C3FBF26F7	4.518125
25866	24BAC40629E2ECC8	6.268610
25886	D04A7111EEF04A88	4.101216
25985	8221AFE42FC47F2B	4.749063
26003	77DB6E1D101D4C51	6.887016
26010	C25D9C0282FBE6AB	8.173942
26021	04D0331E40EF6990	6.060025
26022	78CC39CD7944ECF3	4.706311
26030	14BF4EBA8D3F6B7C	5.968699
26046	31ED7C347E37A771	4.349669
26058	A2E54CA7A5863AAD	5.165260
26123	35FE91EBDC17CF56	4.463418
26126	EFCA0524202D7FAB	5.713434
26165	A9324628EC18FBBD	5.927891
26186	96C5AA8DEEB458EA	4.804538
26190	65882F1E0C94B707	3.577257
26262	380E65FE5F643A68	4.399593
26282	3BE1AF2DEEAECCF9	4.419410
26321	1AB86474DB32A37D	6.084004
26342	878CD441AB54204F	4.458091
26390	A7A857C71CA3C32F	5.292378
26462	2B7AA2E693085F04	4.043442
26486	C1D2FA55AE934E8B	5.389038
26501	462090F860D6B139	3.685182
26510	92526D384CA37036	4.180675
26526	0F17FC3515AFCC6D	7.344746
26550	0A26CF125164E0B8	5.039976
26573	F5B9E3465B7E403A	5.926079
26615	E413BB9C875ABEFF	4.451250
26630	E2B8DE85CC1DB816	5.661348
26706	D0732AFD468D8E31	4.916577
26711	3DE85302637A87B0	4.835476
26735	9E2D8E0B65A1774C	3.869479
26741	3646805D6DA95F69	6.237060
26762	CD087F0562343074	4.215018
26766	B8AFDA0DE217F309	4.390355
26795	4646A78C561BA1E4	6.871646
26801	EEF94A87A084BAB0	4.494792
26813	566AECCA936CC6E0	4.286306
26850	63E0774B6D4AF123	5.267214
26870	C21C1F5322BE51DF	4.649111
26897	97802702848EACC3	6.020038
26945	4B2E0011F016C5BF	4.644147
26946	6C21E74411C49BE1	7.077667
26957	514AEED8B06521F0	4.769339
27002	B40B6ABF2EBB2FF2	7.416484
27030	D75CF475E4E2F78D	6.581547
27047	9FB4E9A251A1A82B	4.914655
27071	6B34B5654D51E3BC	4.097103
27077	288B12949A6A9027	5.336611
27086	68F6A547D844D214	6.795795
27137	C470CC0D0C2C406C	4.267937
27138	96815BE2D8F521B1	4.674201
27146	E7DEA439FB60EFB4	4.643426
27173	8403B2DDF7A307B4	4.280742
27197	4C2F96004F9DB2F1	4.263859
27198	C8200708235DADBD	4.793873
27210	DEA8C23261A11E84	5.893031
27215	AD4425C6FF9F02B3	4.057898
27221	776104B6A6DE0E7D	3.759689
27233	9695B7ECADFBEFDF	6.219596
27290	55D81532CA62A154	5.661022
27302	033049502D81ABB0	5.817781
27383	EBCC35710A3ACF25	4.553279
27386	E55D0EB65D8DD4B2	3.615429
27390	4261317DBA66FDF1	4.939934
27407	E44C7572B4253DA7	3.519407
27413	354417B8FB4D147E	3.889467
27443	0E01F8CC2D14A8B2	4.871872
27450	7778F45E63EE3576	5.508400
27462	093942C26E254641	5.809281
27467	80D6C51445F9FBDA	3.663984
27470	2291BA660B9561D7	4.478490
27491	6321BE1291EB2E58	4.627271
27530	519ED858B0F61672	4.644475
27551	7ABBA4AB307D3781	5.313622
27570	2E565642302D529F	6.957391
27653	A04A68D32062CCFC	5.594507
27666	67B247B1CF954AF7	4.368522
27677	AA9335693F8047E8	5.076187
27683	45713413D26DAADC	5.043902
27713	DD4690CCEB397EB6	3.949521
27743	699C568611D0E2A7	5.146269
27761	C5642BC0BAB6892C	5.989624
27797	916208AB7CB0B227	3.500893
27806	3BC4E138777736AB	5.178245
27821	4EFB05DDACF6C15C	4.527096
27830	43C666E2430F28FC	3.962045
27845	598717CF05076712	4.213737
27866	9440CDD03EBC857B	6.974993
27893	78D4488298187CE4	5.897302
27905	9D1534857665DFF7	5.467980
27911	F2FE88841B3154B5	6.282460
27990	A8F39AAAE9356854	5.268563
28001	CEB52C474041A1E0	5.846514
28010	2FED4314786BAA30	5.156557
28038	CEB81B28E48DC55A	3.502768
28055	E6AF87747BB3D651	8.299463
28097	862A63B601D624C8	5.897650
28103	FF9B311E37A649F2	5.912473
28106	1153E915D505A283	2.907825
28110	AC7476009AA4AAAE	7.286388
28127	C59A8569D997E162	4.380409
28163	6AED4804B0413CD5	6.321246
28170	1DD565C3BDE619A1	3.924750
28187	5DD5A067E1429A96	3.975306
28202	853D0B8B818CA290	5.961212
28205	A43AA819022C112B	5.357881
28241	C3BDB350CA1B20A8	4.586126
28262	71827150AC785470	5.024566
28271	6A5611736FBE552C	5.958378
28278	6715959995B214C8	4.633476
28295	03782C19CCCDCD82	6.105529
28346	A7CE527B48FA6223	3.907107
28367	C68D70EF3D1A3FBA	2.845133
28397	CDDE4F5355FDB764	4.315863
28406	7CB75A92BE2FD335	5.777006
28458	9176637CCB1C83DD	3.597284
28463	206D63124CEFACE0	4.564759
28506	82238900436DE686	6.136616
28565	EB45E7440E260CE3	8.662857
28607	39993CE706592ACA	5.268050
28638	20B28AFEAA9E6579	7.460776
28670	436738E4799DB012	5.230565
28691	E6335D7F18DDF484	6.831094
28722	E9F826BDB262912A	4.650287
28742	5DEAB239F610C1F9	4.988912
28757	96AD12A1C02C99B5	4.560809
28790	9090252F1A9DFD4F	2.664720
28805	9A6A1FA64051F384	4.033020
28811	F227896F2C82C78A	3.496524
28830	F15B12D1A4B6E228	6.101744
28901	6EEB0230B4B636C4	3.896511
28902	428F0845E81AF2A2	4.124992
28943	CCDE21799B9724F9	4.630553
28955	9424D9CACC810E22	4.361162
28970	D7123040B5EE6277	5.450215
29063	CA59F8BAD66DE271	5.419473
29082	7607BD52A1CFF03A	5.367924
29126	CA5E31DEA4E69627	5.548976
29135	D5B5731B3955F5F8	4.526313
29141	CC7120A811228A8E	5.974777
29142	9E72B4986E2C8670	6.140195
29150	AD38754723ADD675	3.653618
29162	D525A5E4F2A7713D	2.997250
29165	F768AC69EDF4C691	5.128087
29226	3627171FD345DC29	5.434468
29246	C65D9D5644BA9A3D	9.364540
29297	5D1DDEEF607FD0FC	5.427507
29298	D772DD4055345D1C	3.022326
29342	FCDEC92A00A3C7E5	5.430944
29345	E4F709E8924C0EE8	7.476190
29390	BC7DFA10ECCD654C	3.487854
29393	FDAAC01670B92C35	3.004654
29402	C5CA557FEF784765	3.512559
29405	F2F7ECD20583B782	7.188695
29462	2E68592DBBDB0415	5.222034
29478	EAD5536A4048BE6B	5.360395
29486	010EA43C69214005	8.062836
29502	6E14481B969A6D4E	6.884210
29538	061EFFEC15A41F9B	4.861869
29550	F3D0C2B7B010CD35	3.742681
29582	A627808855F26C50	5.303727
29585	9B22F9D68B349F1E	4.954911
29615	06EAA8FCE4EEDB0F	4.106824
29630	BB6CE30AFA1A1C0A	7.704376
29693	EC705C1AA2EB4F0D	3.499772
29777	7DC8376DA958F2AD	7.461193
29783	19265C7B20675D35	3.769216
29826	5D3757E0EE0A0BD3	5.466602
29861	1CD1C73C7E02A29E	7.227474
29870	C1404D89632F74D8	4.645296
29885	91E2BCFA8457A67D	4.899892
29921	9D93035217C57E41	3.373362
29927	E9D973E73E81235A	2.251960
29930	BEE6F72DD892E99A	3.860524
29942	74E336D6AD12F3AF	4.786347
29951	3032554B7FB277CC	3.430837
29982	9E74E80209F73BCE	4.202659
SUMMARY tested=1237 anomalies=0
